Workbook

Sheet Property Info
A1: HABGEN RISK SCORER — Property Information
A2: Enter property details below. These feed into the scoring sheets automatically.
B3: PROPERTY & LOCATION | E3: BUILDING & FINANCIAL
B4: Property Address | E4: Stories
B5: University Name | E5: Construction (FR/NC/JM/FRAME)
B6: University Tier (1/2/3) | E6: Sprinkler (Y/N)
B7: University Party Score | E7: Occupancy Type
B8: Distance to Campus (mi) | E8: Sponsor Tier (A/B/C)
B9: Total Insured Value ($) | E9: DSCR
B10: Number of Units | E10: Actual Rent ($/bed/mo)
B11: Year Built | E11: Est. Market Rent ($/bed/mo)
B13: CALCULATED VALUES
B14: Rent vs Market Ratio | C14: =IF(AND(F10>0,F11>0),F10/F11,"Enter rents above") | E14: Univ. Tier Risk Score (auto) | F14: =IF(C6="","",IF(C6=3,IF(C7>=8,5,4),IF(C6=2,IF(C7>=7,3,2),1)))
B15: Distance Risk Score (auto) | C15: =IF(C8="","",IF(C8<0.25,1,IF(C8<=0.5,2,IF(C8<=1,3,IF(C8<=2,4,5))))) | E15: Rent vs Market Score (auto) | F15: =IF(C14="Enter rents above",3,IF(C14>1.2,1,IF(C14>=1.1,2,IF(C14>=1,3,IF(C14>=0.9,4,5)))))

Sheet Property Scoring
A1: PROPERTY RISK SCORING
B3: # | C3: Factor | D3: Score (1-5) | E3: Weight | F3: Weighted Score | H3: Score Guide (1=Best, 5=Worst)
B4: 1 | C4: Construction Quality | E4: 0.12 | F4: =IF(D4="","",D4*E4) | H4: 1=FR steel/concrete | 2=Non-Combustible | 3=Joisted Masonry | 4=Frame <15yr | 5=Frame >15yr
B5: 2 | C5: Building Age / Condition | E5: 0.1 | F5: =IF(D5="","",D5*E5) | H5: 1=<5yr new | 2=5-15yr modern | 3=15-25yr aging | 4=25-40yr deferred maint | 5=>40yr high risk
B6: 3 | C6: Height / Stories | E6: 0.05 | F6: =IF(D6="","",D6*E6) | H6: 1=1-2 stories | 2=3-4 stories | 3=5-7 stories | 4=8-12 stories | 5=>12 stories
B7: 4 | C7: Sprinkler / Fire Protection | E7: 0.08 | F7: =IF(D7="","",D7*E7) | H7: 1=Full NFPA 13+alarm | 2=Full sprinkler, limited | 3=Partial/13R | 4=FE only | 5=None
B8: 5 | C8: University Risk Tier | D8: ='Property Info'!F14 | E8: 0.1 | F8: =IF(D8="","",D8*E8) | H8: [AUTO] 1=Tier1 | 2=Tier2 (party<7) | 3=Tier2 (party>=7) | 4=Tier3 (party<8) | 5=Tier3 (party>=8)
B9: 6 | C9: Occupancy Type | E9: 0.07 | F9: =IF(D9="","",D9*E9) | H9: 1=Senior/LIHTC | 2=Workforce | 3=Graduate | 4=Undergraduate | 5=Greek/Party
B10: 7 | C10: Crime Score | E10: 0.06 | F10: =IF(D10="","",D10*E10) | H10: 1=Very Low (<20 idx) | 2=Low (20-35) | 3=Medium (35-50) | 4=High (50-70) | 5=Very High (>70)
B11: 8 | C11: Sponsor / Mgmt Tier | E11: 0.1 | F11: =IF(D11="","",D11*E11) | H11: 1=Top Inst (>$1B) | 2=Strong Regional (>$200M) | 3=Adequate | 4=Thin/Emerging | 5=New/Poor
B12: 9 | C12: DSCR Strength | E12: 0.07 | F12: =IF(D12="","",D12*E12) | H12: 1=>=1.60x | 2=1.40-1.59x | 3=1.25-1.39x | 4=1.10-1.24x | 5=<1.10x
B13: 10 | C13: Distance from Campus | D13: ='Property Info'!C15 | E13: 0.08 | F13: =IF(D13="","",D13*E13) | H13: [AUTO] 1=<0.25mi | 2=0.25-0.5mi | 3=0.5-1.0mi | 4=1.0-2.0mi | 5=>2.0mi
B14: 11 | C14: Rent vs. Market | D14: ='Property Info'!F15 | E14: 0.07 | F14: =IF(D14="","",D14*E14) | H14: [AUTO] 1=>120% | 2=110-120% | 3=100-110% | 4=90-100% | 5=<90%
B15: 12 | C15: Work Order / Maintenance | E15: 0.05 | F15: =IF(D15="","",D15*E15) | H15: 1=Excellent | 2=Good | 3=Average | 4=Below Average | 5=Poor
B16: 13 | C16: Loss History | E16: 0.05 | F16: =IF(D16="","",D16*E16) | H16: 1=No losses 3+yr | 2=Minor (LR<40%) | 3=Moderate (40-60%) | 4=Significant (60-80%) | 5=Severe (>80%)
B18: TOTAL WEIGHTED SCORE | D18: =IF(COUNTA(D4:D16)=13,ROUND(SUM(F4:F16),2),"Incomplete")
B19: GRADE | D19: =IF(D18="Incomplete","—",IF(D18<=1.5,"A+",IF(D18<=2,"A",IF(D18<=2.5,"B+",IF(D18<=3,"B",IF(D18<=3.5,"C+",IF(D18<=4,"C","D")))))))
B20: UW ACTION | D20: =IF(D18="Incomplete","—",IF(D18<=2.5,"BIND - Standard",IF(D18<=3,"BIND - Review Pricing",IF(D18<=3.5,"REFER - Senior UW",IF(D18<=4,"REFER - Committee","DECLINE")))))
B21: RATE MODIFICATION | D21: =IF(D18="Incomplete","—",IF(D18<=1.5,-0.15,IF(D18<=2,-0.1,IF(D18<=2.5,-0.05,IF(D18<=3,0,IF(D18<=3.5,0.1,IF(D18<=4,0.2,0.35)))))))

Sheet GL Scoring
A1: GENERAL LIABILITY (GL) RISK SCORING
B3: # | C3: Factor | D3: Score (1-5) | E3: Weight | F3: Weighted Score | H3: Score Guide (1=Best, 5=Worst)
B4: 1 | C4: University Risk Tier | D4: ='Property Info'!F14 | E4: 0.12 | F4: =IF(D4="","",D4*E4) | H4: [AUTO] 1=Tier1 | 2=Tier2 (party<7) | 3=Tier2 (party>=7) | 4=Tier3 (party<8) | 5=Tier3 (party>=8)
B5: 2 | C5: Occupancy Type | E5: 0.1 | F5: =IF(D5="","",D5*E5) | H5: 1=Senior/LIHTC | 2=Workforce | 3=Graduate | 4=Undergraduate | 5=Greek/Party
B6: 3 | C6: Distance from Campus | D6: ='Property Info'!C15 | E6: 0.12 | F6: =IF(D6="","",D6*E6) | H6: [AUTO] 1=<0.25mi | 2=0.25-0.5mi | 3=0.5-1.0mi | 4=1.0-2.0mi | 5=>2.0mi
B7: 4 | C7: Rent vs. Market | D7: ='Property Info'!F15 | E7: 0.08 | F7: =IF(D7="","",D7*E7) | H7: [AUTO] 1=>120% | 2=110-120% | 3=100-110% | 4=90-100% | 5=<90%
B8: 5 | C8: Crime Score | E8: 0.1 | F8: =IF(D8="","",D8*E8) | H8: 1=Very Low (<20 idx) | 2=Low (20-35) | 3=Medium (35-50) | 4=High (50-70) | 5=Very High (>70)
B9: 6 | C9: Amenity Risk | E9: 0.08 | F9: =IF(D9="","",D9*E9) | H9: 1=None/Basic | 2=Gym (fitness) | 3=Pool (slip/fall) | 4=Pool+Deck (outdoor) | 5=Full Party (pool+deck+bar)
B10: 7 | C10: Premises Condition | E10: 0.08 | F10: =IF(D10="","",D10*E10) | H10: 1=Excellent | 2=Good (minor cosmetic) | 3=Average | 4=Below Avg (deterioration) | 5=Poor (hazards)
B11: 8 | C11: Sponsor / Mgmt Tier | E11: 0.1 | F11: =IF(D11="","",D11*E11) | H11: 1=Top Inst (>$1B) | 2=Strong Regional (>$200M) | 3=Adequate | 4=Thin/Emerging | 5=New/Poor
B12: 9 | C12: Work Order / Maintenance | E12: 0.07 | F12: =IF(D12="","",D12*E12) | H12: 1=Excellent | 2=Good | 3=Average | 4=Below Average | 5=Poor
B13: 10 | C13: Loss History | E13: 0.08 | F13: =IF(D13="","",D13*E13) | H13: 1=No losses 3+yr | 2=Minor (LR<40%) | 3=Moderate (40-60%) | 4=Significant (60-80%) | 5=Severe (>80%)
B14: 11 | C14: Security Measures | E14: 0.07 | F14: =IF(D14="","",D14*E14) | H14: 1=24hr+cameras+access+patrol | 2=Cameras+controlled access | 3=Key fob, basic cams | 4=Locked entries only | 5=Open access
B16: TOTAL WEIGHTED SCORE | D16: =IF(COUNTA(D4:D14)=11,ROUND(SUM(F4:F14),2),"Incomplete")
B17: GRADE | D17: =IF(D16="Incomplete","—",IF(D16<=1.5,"A+",IF(D16<=2,"A",IF(D16<=2.5,"B+",IF(D16<=3,"B",IF(D16<=3.5,"C+",IF(D16<=4,"C","D")))))))
B18: UW ACTION | D18: =IF(D16="Incomplete","—",IF(D16<=2.5,"BIND - Standard",IF(D16<=3,"BIND - Review Pricing",IF(D16<=3.5,"REFER - Senior UW",IF(D16<=4,"REFER - Committee","DECLINE")))))
B19: RATE MODIFICATION | D19: =IF(D16="Incomplete","—",IF(D16<=1.5,-0.15,IF(D16<=2,-0.1,IF(D16<=2.5,-0.05,IF(D16<=3,0,IF(D16<=3.5,0.1,IF(D16<=4,0.2,0.35)))))))

Sheet Grade Reference
A1: GRADE REFERENCE TABLE
B3: Grade | C3: Label | D3: Score Range | E3: UW Action | F3: Rate Mod
B4: A+ | C4: Excellent | D4: 1.00 — 1.50 | E4: BIND — Standard Terms | F4: -15%
B5: A | C5: Very Good | D5: 1.51 — 2.00 | E5: BIND — Standard Terms | F5: -10%
B6: B+ | C6: Good | D6: 2.01 — 2.50 | E6: BIND — Review Pricing | F6: -5%
B7: B | C7: Average | D7: 2.51 — 3.00 | E7: BIND — Review Pricing | F7: 0% (Base)
B8: C+ | C8: Below Avg | D8: 3.01 — 3.50 | E8: REFER — Senior UW | F8: +10%
B9: C | C9: Marginal | D9: 3.51 — 4.00 | E9: REFER — Committee | F9: +20%
B10: D | C10: Poor | D10: 4.01 — 5.00 | E10: DECLINE | F10: +35%
A13: AUTO-SCORE LOOKUP TABLES
B15: University Tier → Score
B16: Tier 1 (any party) | C16: → | D16: 1
B17: Tier 2, party < 7.0 | C17: → | D17: 2
B18: Tier 2, party >= 7.0 | C18: → | D18: 3
B19: Tier 3, party < 8.0 | C19: → | D19: 4
B20: Tier 3, party >= 8.0 | C20: → | D20: 5
B22: Distance → Score
B23: < 0.25 miles | C23: → | D23: 1
B24: 0.25 — 0.50 miles | C24: → | D24: 2
B25: 0.50 — 1.00 miles | C25: → | D25: 3
B26: 1.00 — 2.00 miles | C26: → | D26: 4
B27: > 2.00 miles | C27: → | D27: 5
B29: Rent vs Market → Score
B30: > 120% of market | C30: → | D30: 1
B31: 110% — 120% | C31: → | D31: 2
B32: 100% — 110% | C32: → | D32: 3
B33: 90% — 100% | C33: → | D33: 4
B34: < 90% of market | C34: → | D34: 5

Sheet University Database
A1: UNIVERSITY DATABASE (535 Schools)
A2: # | B2: University Name | C2: Tier | D2: Party Score | E2: Latitude | F2: Longitude | G2: Risk Score
A3: 1 | B3: Abilene Christian University | C3: 1 | D3: 4 | E3: 32.4415 | F3: -99.756 | G3: =IF(C3=3,IF(D3>=8,5,4),IF(C3=2,IF(D3>=7,3,2),1))
A4: 2 | B4: Agnes Scott College | C4: 1 | D4: 2.7 | E4: 33.7651 | F4: -84.2942 | G4: =IF(C4=3,IF(D4>=8,5,4),IF(C4=2,IF(D4>=7,3,2),1))
A5: 3 | B5: Alabama State University | C5: 1 | D5: 5.5 | E5: 32.3637 | F5: -86.2968 | G5: =IF(C5=3,IF(D5>=8,5,4),IF(C5=2,IF(D5>=7,3,2),1))
A6: 4 | B6: Alcorn State University | C6: 1 | D6: 5.5 | E6: 31.8766 | F6: -91.1352 | G6: =IF(C6=3,IF(D6>=8,5,4),IF(C6=2,IF(D6>=7,3,2),1))
A7: 5 | B7: Allegheny College | C7: 1 | D7: 2.7 | E7: 41.6482 | F7: -80.1467 | G7: =IF(C7=3,IF(D7>=8,5,4),IF(C7=2,IF(D7>=7,3,2),1))
A8: 6 | B8: American University | C8: 1 | D8: 4 | E8: 38.9366 | F8: -77.0874 | G8: =IF(C8=3,IF(D8>=8,5,4),IF(C8=2,IF(D8>=7,3,2),1))
A9: 7 | B9: Amherst College | C9: 1 | D9: 4 | E9: 42.371 | F9: -72.517 | G9: =IF(C9=3,IF(D9>=8,5,4),IF(C9=2,IF(D9>=7,3,2),1))
A10: 8 | B10: Appalachian State University | C10: 2 | D10: 6.33 | E10: 36.214 | F10: -81.6873 | G10: =IF(C10=3,IF(D10>=8,5,4),IF(C10=2,IF(D10>=7,3,2),1))
A11: 9 | B11: Arizona State University | C11: 2 | D11: 7.38 | E11: 33.4242 | F11: -111.9281 | G11: =IF(C11=3,IF(D11>=8,5,4),IF(C11=2,IF(D11>=7,3,2),1))
A12: 10 | B12: Arizona State University Tempe | C12: 3 | D12: 7.5 | E12: 33.4242 | F12: -111.9281 | G12: =IF(C12=3,IF(D12>=8,5,4),IF(C12=2,IF(D12>=7,3,2),1))
A13: 11 | B13: Arkansas State University | C13: 1 | D13: 5.5 | E13: 35.8419 | F13: -90.6767 | G13: =IF(C13=3,IF(D13>=8,5,4),IF(C13=2,IF(D13>=7,3,2),1))
A14: 12 | B14: Auburn University | C14: 2 | D14: 7.4 | E14: 32.601 | F14: -85.4875 | G14: =IF(C14=3,IF(D14>=8,5,4),IF(C14=2,IF(D14>=7,3,2),1))
... A537: 535 | B537: Youngstown State University | C537: 1 | D537: 5 | E537: 41.106 | F537: -80.6471 | G537: =IF(C537=3,IF(D537>=8,5,4),IF(C537=2,IF(D537>=7,3,2),1))
